Aaron,Aron,Aronne,Aaro,Aarao
Abraham,Abram,Abramo,Abraao
Adam,Adamus,Adamo,Adan
Adrian,Adriaan,Adrijanu,Adrianus,Hadrianus,Adrien,Adriano,Adria,Adriao
Athanasius,Athanas,Atanazju,Athanase,Atanasio,Atanasi,Afanasio,Atanasie
Agatho,Agathon,Agatone,Agato,Agatao
Allan,Allen,Alun,Alan,Alain,Alanus,Alano,Ala
Albert,Albrecht,Albertu,Albertus
Alexander,Alex,Alessandru,Alexandre,Alessandro,Alejandro,Alexandru,Aleksandar
Alexis,Alexius,Alessju,Alessio,Aleix,Alex,Aleixo
Alphonso,Alfons,Alfonsu,Fonzu,Alphonsus,Alphonse,Alfonso,Alonzo
Alfred,Alfredu,Alfredus
Alvarus,Alvare,Alvaro
Alvin,Adelwin,Adelwijn,Alvine
Ambrose,Ambros,Ambrosius,Ambrozju,Ambroise,Ambrosio,Ambrogio,Ambrosi
Anatolius,Anatolju,Anatole,Anatolio
Andrew,Andreas,Andries,Andrija,Indri,Andre,Andrea,Andres,Andreu,Andrei,Andrej
Anthony,Anton,Antoon,Antonju,Antonius,Antoine,Antonio,Antoni,Antao
Apollinaris,Apollinarju,Apollinaire,Apollinare,Apolonio,Apollinar,Apolinario
Apollonius,Apollinius,Apollonju,Apollonio,Apolonio
Arcadius,Arkadju,Arcade,Arcadio,Arcadi
Archibald,Erkenbout,Arcibaldu,Archibaldus,Archimbaud,Arcibaldo,Archibaldo
Aristarchus,Aristach,Aristarku,Aristarque,Aristarco,Aristarc
Arnold,Arnout,Arnaldu,Arnoldus,Arnaud,Arnauld,Arnoldo,Arnaldo,Arnald
Arsenius,Arsenju,Arsene,Arsenio,Arseni,Arsenie
Arthur,Arturu,Arthurus,Arthus,Arturo
August,Austin,Augustus,Awgustu,Auguste,Augusto,Agustin
Baldwin,Balduin,Boudewijn,Balduinus,Baudoin,Balduino,Baldovino,Baldui
Basil,Basilius,Bazilju,Basile,Basilio,Basili,Vasile
Benedick,Benedict,Benedikt,Benedittu,Benedictus,Benoit,Benedetto,Benito,Benedicto,Benet,Bento
Benjamin,Beniamin,Beniamino,Benjami
Bernard,Bernhard,Bernardus,Bernardo
Bertram,Bertrand,Bertrandus,Bertrando,Bertran,Beltran
Blase,Blaise,Blas,Bjagju,Blasius,Blaas,Biagio,Blai,Blasi,Bras
Boniface,Bonifaz,Bonifazius,Bonifatius,Bonifacju,Bonifacio,Bonifaci
Bruno,Bruin
Caesar,Casar,Cesar,Cesri,Cesare
Camillus,Kamil,Camiel,Kamillu,Camille,Camillo,Camilo
Casimir,Kasimir,Casimier,Casimirus,Casimiro,Cazimir
Cecil,Ceciel,Cecilju,Caecilius,Cecile,Cecilio
Charles,Carl,Karl,Karel,Karlu,Carolus,Carlo,Carlos,Carles,Carol
Christian,Kristian,Christiaan,Karsten,Kristjanu,Christianus,Chretien,Cristiano,Cristian,Cristia
Christopher,Christoph,Christoffel,Christoffer,Kristoffer,Kristofru,Christophorus,Christophe,Cristoforo,Cristobal,Cristofol,Cristofor
Clarence,Clarentius,Clement,Clemente,Clarenzio,Clarencio
Claude,Klaudius,Claudius,Klawdju,Claudio,Claudi,Claudiu
Clement,Klemens,Clemens,Kelment,Klement,Kliment,Clemente
Colin,Collin,Klaus,Claus,Klaas,Kolinu,Colandus,Nicolino
Conrad,Konrad,Koenraad,Korradu,Conradus,Corrado
Constantine,Konstantin,Constantin,Constantijn,Kostantinu,Constantinus,Costantino,Constantino
Cornelius,Kornelius,Cornelis,Kees,Kornelju,Corneille,Cornelio,Corneli,Corneliu,Cornel
Cyprian,Zyprian,Cypriaan,Ciprijanu,Cyprianus,Cyprien,Cipriano,Ciprian
Cyril,Kyrill,Cyriel,Cirillu,Cyrillus,Cyrille,Cirillo,Cirilo,Cirili,Chirila,Kirilo
Cyrus,Ciru
Damian,Damien,Damiaan,Damjanu,Damianus,Damiano,Damia,Damiao
Daniel,Danjeli,Daniele,Danila,Dan,Danijel
Darius,Darju,Dareus,Dario
David,Daaf,Davide
Dennis,Denijs,Dijonizju,Dionysius,Denis,Dionigi,Dionisio,Dionis,Dinis,DiDbonisio
Derreck,Dietrich,Dieter,Diederik,Dirk,Theoderic,Thierry
Dimitry,Dimitri,Demetrius,Demetrio,Dumitru
Dominic,Dominik,Dominiek,Duminku,Dominicus,Dominique,Domenico,Domingo,Domenec
Donald,Donatus,Paperino
Donatus,Donat,Donate
Dorian,Dorjanu,Dorianus,Dorien,Dorienne,Doriano,Dorio,Doria
Edgar,Edgardu
Edmund,Edmond,Edmundu,Edmundus,Edmondo
Edward,Eduard,Edwardu,Eduardus,Edouard,Edoardo,Eduardo
Edwin,Edwinu,Edwinus
Ephraim,Efraim,Efrajm,Efrem,Ephrem
Elias,Elijah,Elia,Elija,Elie,Elies,Ilie
Eliezer,Elieser,Eleazar
Elliott,Elliot
Emile,Emil,Emiel,Emilju,Aemilius,Emilio
Emmanuel,Immanuel,Manuel,Immanweli,Emanuele,Manuele,Emanuel,Manel,Manoel
Erastus,Erast,Euraste
Ernest,Ernst,Ernestu,Ernestus
Erwin,Erwinus
Eugene,Eugen,Ewgenju,Eugenius,Eugenio,Eugeni
Eustratus,Ewstratu,Eustrate
Fabian,Fabiaan,Fabjanu,Fabianus,Fabien,Fabiano,Fabia
Felix,Felic
Ferdinand,Ferdinandu,Fernand,Fernando,Hernando,Ferran,Ferdinando
Florian,Floriaan,Florianus,Florencio,Floria,Floriano
Francis,Frank,Franziskus,Franz,Franciscus,Frans,Francois,Francesco,Franco,Francisco,Francesc,Francisc
Frederick,Friedrich,Fritz,Frederich,Frederik,Freek,Fredericus,Frederic,Federico
Gabriel,Gabrijel,Grabiel,Gabriele,Gavrila
Garrett,Gerhard,Gerard,Gerrit,Garret,Gerardus
Gideon,Gedeon,Gedeone,Gedeo
Geoffrey,Godfrey,Jeffrey,Gottfried,Godfried,Govert,Galfridus,Geoffroy,Goffredo,Godofredo
George,Georg,Jurgen,Joris,Sjors,Jurriaan,Gorg,Georgius,Georges,Giorgio,Jorge,Jordi,Gheorghe,Georgije,Djordje
Gerald,Gerout,Gerold,Gilardu,Geraldus,Geraldo
Gerard,Garrett,Gerhard,Gerd,Gerrit,Gerardus,Girard,Gerardo
Gerasimus,Gerasimius,Gerasimo,Gherasim
Gilbert,Gilbertus,Gilberto
Giles,Gyles,Gillis,Aegidius,Gilles,Egidio
Godwin,Gottwin,Gozewijn,Godwinus,Godoino,Godovino
Gonzalo,Gonsalvu,Gundisalvus,Gonzalve,Consalvo,Goncal
Gregory,Gregor,Gregra,Gregoor,Gregorius,Gregorju,Gregoire,Gregorio,Gregori,Grigore
Gunter,Gunther,Gunterus
Guy,Guido
Gustave,Gustav,Gustaaf,Gustavus,Gustavo
Hank,Heinz,Henk,Aentius,Riri,Riton,Enzo,Rico,Kike
Harold,Harald,Haroldus,Aroldo
Henry,Harry,Heinrich,Hendrik,Neriku,Henricus,Henri,Enrico,Enrique,Enric,Henrique
Herbert,Heribertus,Hubert,Eriberto,Erberto,Heriberto
Herman,Hermann,Armandus,Hermanus,Armand,Armando
Hilary,Hilarius,Ilarju,Hilaire,Ilario,Hilari,Hilario
Hilary,Hilarius,Ilarju,Hilaire,Ilarione,Hilario
Hippolytus,Hippoliet,Ippolitu,Hippolyte,Ippolito,Hipolito
Horace,Horaz,Horatius,Orazju,Orazio,Horacio,Horaci,Horatiu
Hubert,Huibrecht,Umberto,Hubertus,Uberto,Humberto
Hugh,Hugo,Huug,Ugo,Hugonis,Hugues
Ignatius,Ignaz,Ignaat,Injazju,Ignace,Ignazio,Ignacio,Ignasi,Inacio,Ignat
Innocent,Innozenz,Innocenz,Innocentius,Innocenzo,Inocencio,Inocenci
Isaac,Isaak,Izaak,Izakk,Isachus,Isacco,Isac
Isaiah,Isah,Jesaja,Isai,Izaija,Isaias,Esaias,Isaie,Isaia
Isidore,Isidor,Isidoor,IZidoru,Isidorus,Isidoro,Isidro,Isidre
James,Jacob,Jake,Seamus,Jakob,Jaap,Gakbu,Gakobb,Iacobus,Iacomus,Jacques,Giacomo,Giacobbe,Iacopo,Jaime,Jacobo,Diego,Santiago,Jaume,Didac,Diogo,Jaco,Tiago,Thiago,Iacob
Jasper,Kaspar,Casper,Kasper,Gaspar,Gaspard,Gaspare
Jeremy,Jeremiah,Jerry,Jeremias,Jeremia,Geremija,Ieremias,Jeremie,Geremia,Eremia,Ieremia
Jerome,Hieronymus,Jeroen,Glormu,Geronimo,Jeronimo
Joachim,Achim,Jochen,Jochem,Gwakkin,Ioachim,Gioacchino,Joaquin,Joaquim,Ichim,Atshim
John,Ian,Sean,Evan,Ewan,Johann,Johannes,Johanns,Jan,Hans,Jens,Gwanni,Ganni,Govann,Ioannes,Jean,Yann,Giovanni,Gianni,Giano,Gianetto,Juan,Ivan,Joan,Joao,Ion,Ioan,Jovan,Vanja
Jonathan,Jonatan,Jonten,Gonatan,Ionathan,Gionata
Joseph,Josef,Jozef,Joop,Guzeppi,Iosephus,Giuseppe,Jose,Josep,Iosif
Joshua,Josua,Jozue,Gozwe,Josue
Julian,Juli,Juliaan,Giljan,Iulianus,Julien,Giuliano,Julia,Juliano,Juliao
Julius,Juli,Jules,Gulju,Iulius,Giulio,Julio,Iuliu
Justin,Gustinu,Iustinus,Giustino,Justino,Justi,Iustin
Calistratus,Callistrato,Calistrato
Kevin,Caoimhin
Lawrence,Lorenz,Laurenz,Laurnt,Laurens,Lawrenz,Laurentius,Laurent,Lorenzo,Llorenc,Lourenco
Lazarus,Lazar,Lazzru,Lazare,Lazzaro
Leo,Leon,Ljun,Leone,Lleo
Leonard,Leonhard,Leonardu,Leonardus
Leonide,Leonid,Leonidas
Leopold,Luitpold,Leopoldu,Leopoldus
Lionel,Leonel,Lonel
Lewis,Louis,Ludwig,Lodewijk,Ludoviku,Alwigi,Ludovicus,Aloysius,Luigi,Luis,Lluis
Luke,Lucas,Lukas,Luqa,Luc,Luca,Lluc
Lucianus,Luzian,Lutzen,Lucien,Lucjan,Luciano
Magnus,Manju
Macarius,Makarius,Makarju,Macaire,Macario,Macarie
Mark,Marcus,Markus,Marc,Marku,Marco,Marcos,Marcu
Martin,Maarten,Martijn,Martinus,Martino,Marti,Martim
Matthew,Matthaus,Mattheus,Matthijs,Mattew,Matthaeus,Matthieu,Matteo,Mateo,Mateu,Mateus,Matheus,Matei,Matija
Matthias,Mattija,Matthaeus,Mattia,Matias,Mathias,Matia,Matija
Maurice,Morris,Moritz,Maurits,Maup,Mawrizju,Mauritius,Maurizio,Mauricio,Maurici
Maxim,Maxime,Massimu,Maximus,Massimo,Maximo
Maximilian,Max,Maxim,Maximiliaan,Massimiljanu,Maximilianus,Maximilien,Massimiliano,Maximiliano,Maksimilijan
Michael,Michiel,Mikiel,Michel,Michele,Miguel,Miquel,Micael,Mihail,Mihai,Mikhajlo
Myron,Mirone
Modestus,Mudest,Modeste,Modesto
Moses,Mozes,Moos,Mose,Moises
Nathan,Nathaniel,Nathanael,Natanjel,Nataniele,Nataniel
Nazarius,Nazarju,Nazaire,Nazario
Nicholas,Nikolaus,Klaus,Nicklaus,Nicolaas,Nikolaas,Niklaas,Nikola,Nicolaus,Nicolas,Nicola,Niccolo,Nicolau
Nicodemus,Nikodemus,Nikodemu,Nicodeme,Nicodemo,Nicodim
Octavius,Octaaf,Ottavju,Ottavjanu,Octavianus,Octave,Ottavio,Ottaviano,Octavio,Octavi,Otavio
Olaf,Olaus,Olavus,Olao
Olgierdus,Olgierd,Oleg,Olegario,Olgierdo
Oliver,Olivier,Ulivier,Oliverius,Oliviero,Oliverio,Oliveiros,Olivio
Onuphrius,Onofriju,Onofrio,Onofre
Oscar,Oskar
Osmund,Osmond,Osmondo
Pancras,Pankraz,Pankrazju,Pancratius,Pancrace,Pancrazio,Pancracio
Pantaleon,Pantaljun,Pantaleone
Patrick,Patrik,Patrizju,Patricius,Patrice,Patrizio
Paul,Pawlu,Paulus,Paolo,Pablo,Pau,Paulo,Pavel
Peter,Pieter,Piet,Pietru,Petrus,Pierre,Pietro,Pedro,Pere,Petre,Petru
Philemon,Filemon,Filomenu,Filemone
Phillip,Philip,Philipp,Filip,Filips,Philips,Filippu,Philippus,Philippe,Filippo,Felipe
Plato,Platun,Platon,Platone
Polycarpus,Polikarpu,Polycarpe
Porphyrius,Porfyrius,Porfirju,Porphyre,Porfirio
Proclus,Proklu,Proclo
Procopius,Prokopius,Prokopju,Procope,Procopio,Procopie
Quentin,Quinton,Quinten,Kwintinu,Quintinus,Quintino,Quintin
Randolph,Ralph,Randolf,Randulf,Ralf,Randolfu,Randolphus,Raoul,Randolfo,Raulo
Raphael,Rafael,Raflu,Rafel,Raffaele,Raffaello,Rafailo
Raymond,Raimund,Raimond,Rajmundu,Rajmondu,Raimundus,Raimondo,Ramon,Raimundo
Reginald,Reginaldu,Reginaldus,Reginaldo
Reynold,Reinhold,Reinout,Rejnaldu,Renaud,Rinaldo,Reinaldo
Richard,Rikkert,Rikkardu,Ricardus,Riccardo,Ricardo
Robert,Rupert,Robrecht,Ruprecht,Robertus,Rupertus
Roderick,Roderich,Roderik,Rodericus,Rodrigue
Roger,Rudiger,Rutger,Rogier,Rogerius,Ruggero,Rogelio
Roland,Rolandus,Rolando
Roman,Romanus,Romain,Romano
Romeo,Romeus
Ronald,Ronaldus
Rudolph,Rudolf,Rudi,Rolf,Ruud,Rudolphus,Rodolphe
Samson,Simson,Sansone,Sanson
Samuel,Samuele,Samuil
Salvator,Sauveur,Salvatore
Sebastian,Bastian,Sebastiaan,Bastiaan,Sebastianus,Sebastien,Bastien,Sebastiano,Sebastia,Sebastiao
Seraphim,Serafin,Seraphinus,Seraphin,Serafino,Serafi
Serge,Sergius,Sergio,Sergi,Sergiu
Severin,Sebern,Severn,Severijn,Severinus,Severe,Severo,Severino
Sigmund,Siegmund,Sigismund,Sigismundus,Sigismond,Sigismondo,Segismundo
Sylvester,Silvester,Sylvestre,Silvestro,Silvestre
Simon,Sijmen,Simonis,Simone,Simo,Simao,Simion
Solomon,Salomon,Salomo,Salomone
Spyridon,Spiridon,Spiridione
Stanley,Stanislaus,Stanislas,Stanislao,Estanislao,Estanislau
Steven,Stephen,Stephan,Stefan,Steffen,Stephanus,Etienne,Stephane,Steve,Stefano,Esteban,Esteve,Estevao,Stevan
Taras,Tarus,Taurus
Terence,Terrence,Terentius,Terenzio,Terencio
Theodore,Theo,Theodor,Theodoor,Theodorus,Teodoro,Teo,Teodor
Thomas,Tom,Thom,Tommaso,Tomas,Tome
Tiberius,Tibere,Tiberio,Tiberi,Tiberiu
Timothy,Tim,Timotheus,Timo,Timothee,Timoteo,Timoteu,Timotei
Toby,Tobiah,Tobias,Tobie
Urban,Urbaan,Urbanus,Urbain
Ulric,Ulrich,Ulrik,Ulricus
Uriah,Urias
Uriel,Ulriel,Uriele
Ursus,Urs,Orsino,Orso
Valentine,Valentin,Valentijn,Valentinus,Valentino,Valenti
Valerian,Valeriaan,Valerianus,Valerien
Valerius,Valery,Valerio,Valero,Valeri
Victor,Viktor,Vittorio
Vincent,Vinzenz,Vincentius,Vincenzo,Vincente,Vicente,Vicenc,Vicens,Vincentiu
Vital,Vitalis,Vitale
Valdemar,Waldemar,Woldemar,Waldemarius,Valdemaro
William,Wilhelm,Willy,Willem,Wim,Gulielmus,Guilhelmus,Gudlielmus,Guillaume,Guglielmo,Guillermo,Guillem
Vladimir,Wladimir,Vladimirus,Vladimiro
Vladislav,Ladislaus,Wladislaus,Wladislaw,Vladislaus,Ladislas,Ladislao
Walter,Walther,Wouter,Wolter,Gualterius,Gautier,Gauthier,Gualtiero,Gualterio
Wenceslas,Wenzel,Wenceslaus,Venceslao,Wenceslao
Wilfred,Wilfried,Vilfridus,Vilfrido,Wilfredo
William,Wilhelm,Willem,Gulielmus,Guillaume,Guglielmo,Guillermo,Guillem
Xavier,Xaver,Xaverius,Saverio
Xenophon,Senofonte
Zachary,Zack,Zacharias,Zach,Zacharia,Zacharie,Zaccaria,Zacarias,Zaharia,Zaharie
Aaron,Aron,Aronas,Arron
Abdon,Zoey
Abel,Aapeli,Abelis,Abel',Avel',Abael
Abraham,Aapo,Abraomas,Abraam,Avraam,Abram,Abirham
Adam,Aatami
Adolph,Aatto,Aatu,Adolfas,Adolphos,Adol'f
Adrian,Andor,Ari,Adrijonas,Jadran ?
Athanasius,Athanasios,Afanasii,Atanazy,Afanazy
Agatho,Agatas,Agafon
Allan,Allen,Alanas,Alan
Albert,Bela,Alpertti,Pertti,Altti,Albertas,Albertos
Alexander,Alex,Sandor,Sanyi,Aleksanteri,Santeri,Aleksandras,Aleksas,Alexandros,Aleksandr,Alexandr,Aleksander,Oleksandr,Alaeksindiros
Alexis,Elek,Aleksi,Aleksejus,Alexios,Aleksei,Ales,Alexej,Aleksy,Oleksii,Oles',Les'
Alphonso,Alfonsas,Alphonsos,Alfons
Alfred,Alfredas,Alphredos
Alvarus,Alvar,Aladar
Alvin,Alvinas
Ambrose,Ambrus,Ambrosius,Ambraziejus,Ambrosios,Amvrosii,Ambroz
Anatolius,Anatolijus,Anatolii
Andrew,Andras,Andor,Endre,Bandi,Antero,Antti,Tero,Andrius,Andreas,Andrei,Ondrej,Andrej,Andrzej,Jedrzej,Andrii,Indiriyas
Anthony,Antal,Anton,Anttoni,Antanas,Antonios,Antonii,Antonin,Antoni,Antoniusz
Apollinaris,Apolinaras,Apollinarii,Apolinary
Apollonius,Apolonijus,Apolonas,Apollon
Arcadius,Arkadijus,Arkadios,Arkadii,Arkady
Archibald
Aristarchus,Aristarkhos,Aristarkh
Arnold,Aarne,Aarno,Arnoldas,Arnas,Arnol'd
Arsenius,Arsenijus,Arsenii
Arthur,Artur,Artturi,Arttu,Arto,Arturas
August,Austin,Agoston,Aukusti,Aku,Augustinas,Augustas,Augoustos,Ostin,Augustin,Augustyn
Baldwin,Bolduin,Bolduyin
Bartholomew,Bartal,Bertalan,Perttu,Bartolomejus,Bartholomaios,Varfolomei,Bartolomej,Bartlomiej,Bartosz,Varfolomii,Bartolomei
Basil,Pasi,Bazilijus,Basileios,Vasilii,Basilej,Bazyli
Benedick,Benedict,Benedek,Pentti,Benediktas,Benas,Benediktos,Benedikt
Benjamin,Bendzaminas,Benas,Beniamin,Veniamin,Biniyam,Binyam,Beniam
Bernard,Bernat,Bernardas
Bertram,Bertok
Blase,Blaise,Balazs,Blasios,Vlas
Boniface,Bonifacijus,Boniphatios,Bonifatsii
Boris,Borisas
Brian,Bronius
Bruno,Brunonas
Caesar,Cezar,Cezaris,Kaisar,Tsezar',Cezary,Tsezar,Kaesar
Callistratus,Kallistrat
Camillus,Kamil'
Casimir,Kazimieras,Kazys,Kazimir
Cecil,Cecilijus
Charles,Carl,Karoly,Karcsi,Kaarle,Kaarlo,Kalle,Karolis,Karolos,Karl,Karel
Christian,Keresztely,Krisztian,Kristian,Risto,Kristijonas,Khristianos,Khristian,Krystian,Chrystian
Christopher,Kristof,Risto,Kristoforas,Kristupas,Khristophoros,Khristofor,Kristofer,Krystof
Claude,Kolos,Klaus,Klaudijus,Klaudios,Klod
Clement,Kelemen,Klemetti,Klemensas,Klemes,Klementios,Kliment,Klement,Klemens
Colin,Collin,Kolin,Mikulasek
Conrad,Konrad,Konradas,Korrados,Kondratii
Constantine,Konstantin,Szilard,Kosti,Konstantinas,Kostas,Konstantinos,Konstanty,Kostiantin
Cornelius,Kornel,Kornelijus,Kornelios,Kornelii,Korneliusz
Cyril,Kurillos,Siril,Kirill,Cyryl
Cyrus,Kuros,Sairus,Saires
Damian,Damien,Damjan,Damijonas,Damianos
Daniel,Taneli,Tatu,Danielius,Danas,Daniil,Danilo,Danael
Darius,Dareios,Darii,Dariusz
David,Taavetti,Taavi,Dovydas,Dauid,Dabid,Dawid,Dawit,Da'ud
Dennis,Denes,Dionizas,Dionusios,Denis
Dimitry,Demeter,Domotor,Domos,Dome,Demetrijus,Demetrios,Dmitrii,Dymitr
Dominic,Domonkos,Dominik,Dominykas,Domas
Donald,Donaldas
Donatus,Donat,Donatas
Edgar,Edgaras,Edgardos
Edmund,Odon,Odi,Edmundas
Edward,Edvard,Ede,Eduard,Eetu,Eduardas,Edvardas
Edwin,Edvinas,Edbinos
Ephraim,Ifrim,Efrem
Elias,Elijah,Illes,Eelis,Elijus,Il'ia,Ilja,Eliasz,Illia,Eliyas
Eliezer,Elizar
Elliott,Elliot,Elias,Illes,Ilja
Emile,Emil,Eemeli,Emilijus,Aimilios,Emel'ian
Emmanuel,Emanuel,Immo,Emanuelis,Emmanouel,Emmanuil,Emmanuyil,Emanuyil
Eric,Eerikki,Eero,Erkki,Erikas,Erik,Eryk
Ernest,Erno,Ernesti,Ernestas,Ernestos,Arnost
Erwin,Ervin
Eugene,Jeno,Jenci,Eugenijus,Eugenios,Evgenii,Evzen,Eugeniusz
Eustratius,Eustratios,Evstrat
Fabian,Fabijonas,Fabijus
Felix,Bodog,Feliksas
Francis,Frank,Ferenc,Feri,Ransu,Frans,Pranciskus,Pranas,Frantsisk,Frensis,Frantisek
Frederick,Frederik,Frederic,Frigyes,Rieti,Veeti,Fridrikas,Fridrikh,Bedrich
Gabriel,Gabor,Gabi,Kaapro,Kaapo,Gabrielius,Gavriil,Gavrila,Gavrilo,Gebriel
Garrett,Gellert,Jere
Gideon,Gedeonas,Gedeon
Geoffrey,Godfrey,Jeffrey,Dzheffri,Dzhefri
George,Gyorgy,Gyuri,Jyrki,Jyri,Yrjana,Yrjo,Jurgis,Georgios,Georgii,Iurii,Jiri,Jerzy
Gerald,Gellert,Jere,Geraldas,Geral'd
Gerard,Garrett,Gellert,Jere
Gerasimus,Gerasimos
Godwin,Godvin
Gonzalo,Gonsales
Gregory,Gergely,Gergo,Reijo,Reko,Grigalius,Gregorios,Grigorii,Rehor
Guy,Gvidonas,Gvidas,Gai,Kvido,Gwido
Gustave,Gusztav,Kustaa,Kusti,Kyosti,Gustavas,Gustas,Gustav,Gustaw
Hank,Harri,Enzo
Harold,Haroldas
Henry,Harry,Henrikki,Heikki,Harri,Henrikas,Genrikh,Garri,Kheri,Jindrich
Herbert,Herbertas
Herman,Hermanni,Hermanas
Hilary,Hilariusz,Ilari,Ilarion,Khilari
Hilary,Hilariusz,Ilari
Hippolytus,Ipolitas,Ippolit,Hipolit
Horace,Horacijus,Oratios,Goratsii
Hubert,Huba,Hubertas,Kh'iubert
Hugh,Hugo,Huugo,Gugo,Kh'iu
Ignatius,Ignac,Ignotas,Ignas,Ignatios,Ignatii,Hynek
Innocent,Inocentas,Innokentii,Inocenty
Isaac,Izsak,Iisakki,Iikka,Iiro,Izaokas,Isaak,Izaak,Yisihak
Isaiah,Esa,Esaias,Isai,Izajasz
Isidore,Izidorius,Isidoros,Isidor,Izydor
Ishmael,Ismo,Ismail,Izmayil,Ismael'
James,Jacob,Jake,Seamus,Jakab,Jakob,Jaakko,Jaako,Jaska,Jokubas,Iakobos,Iakov,Diego,Jakub,Iakiv,Yakob
Jeremy,Jeremiah,Jerry,Jorma,Jeremias,Ieremias,Ieremiia,Erema,Erokha,Jeremiasz,Jerzy,Iarema,Iarosh
Jerome,Jeromos,Jorma,Jeronimas,Ieronumos,Ieremiia,Erema,Erokha,Jeronym,Hieronim,Iarema
Joachim,Jaakkima,Aki,Joakimas,Ioakeim,Akim,Jachym,Iakim
John,Ian,Sean,Evan,Ewan,Janos,Ivan,Jani,Janika,Jancsi,Johannes,Juhani,Juho,Juha,Jonas,Ioannes,Jan,Janusz,Yohannis,ywHnWYuhanna
Jonah,Joona,Joonas,Jonas,Iona
Jonathan,Joonatan,Dzhonatan,Jonatan,Ionatan
Joseph,Jozsef,Jozsa,Jozsi,Joska,Jooseppi,Juuso,Juozapas,Juozas,Ioseph,Iosif,Osip,Josef,Jozef,Iosip,Yosef
Joshua,Jozsua,Joosua,Dzhoshua,Jozue,Eyasu
Julian,Gyula,Julijonas,Ioulianos
Julius,Gyula,Ioulios,Iulii,Juliusz
Justin,Jusztin,Justinas,Justas,Dzhastin,Justyn,Ustin,Ustim
Lawrence,Lorinc,Lauri,Laurynas,Lauras,Laurentios,Lavrentii,Vavrinec,Wawrzyniec,Laurencjusz
Lazarus,Lazar,Lozorius,Lazaros,Lazar',Lazarz
Leo,Leon,Leonas,Lev,Leos
Leonide,Leonidas
Leopold,Lipot
Lewis,Louis,Lajos,Liudvikas,Liudas,Loudobikos,Luis,Ludvik,Ludwik,Liudovik,Luyis
Luke,Lucas,Lukacs,Luukas,Lukas,Loukas,Luka
Lucianus,Liucijus,Luk'ian,Lucan
Magnus,Mauno,Maunu
Macarius,Kari,Makarios,Makarii,Makary
Mark,Marcus,Markus,Marko,Markku,Morkus,Markos,Marek
Martin,Marton,Martti,Martynas,Martyn
Matthew,Mate,Matti,Matas,Matvei,Matous,Mateusz,Matvii,Matei
Matthias,Matyas,Matias,Matti,Motiejus,Matvei,Matej,Maciej
Maurice,Morris,Moric,Mauri,Mauricijus,Moris,Mavrikii,Maurycy
Maxime,Miksa,Maksimas,Maximos,Maksim
Maximilian,Max,Maxim,Maksimilijonas,Maksimilian,Maks,Maksim,Maxmilian
Michael,Mihaly,Misi,Mikael,Mikko,Mykolas,Mikas,Mikhael,Mikhail,Michal,Mikhailo,Meeka'el
Myron,Muron
Modestus,Modestas
Moses,Mozes,Mooses,Moze,Mouses,Moisei,Mojzis,Mojzesz,Muse
Nathan Nathaniel,Nathanael,Nataniel',Nataniel,Nataniiel'
Nazarius,Nazaras
Nicholas,Miklos,Nikola,Niilo,Niko,Launo,Mikalojus,Mikas,Nikolaos,Nikolai,Mikulas,Mikolaj,Mikola
Nicodemus,Teemu,Nikodemas,Nikodemos,Nikodim,Nikodem
Octavius,Oktavijonas,Oktabianos
Olaf,Olavi
Olgierdus,Algirdas,Oleg
Oliver,Oliveris
Onuphrius,Anupras,Onouphrios,Onufrii
Orestes,Orestas
Oscar,Oszkar,Oskari,Osku,Oskaras
Osmund,Osmond
Pancratius,Pankratios,Pankratii,Pankrac
Pantaleon,Pantelei
Patrick,Patricijus,Patrikas,Patrikios,Patrik,Patrikei
Paul,Pal,Pali,Paavali,Paavo,Pauli,Paulius,Povilas,Paulos,Pavel,Pawel,Pavlo,Pawlos
Peter,Peti,Pietari,Pekka,Petras,Petros,Piotr,Petr,Petro,Paetiros
Philemon,Filimon
Phillip,Fulop,Vilppu,Pilypas,Philippos,Filipp,Filip,Pilip
Plato,Platonas,Platon
Polycarpus,Polukarpos
Porphyrius,Porfirii
Procopius,Prokopios,Prokofii,Prokop
Randolph,Ralph,Rauli,Randol'f
Raphael,Rafael,Rapolas,Rafail,Rafal
Raymond,Rajmund,Raimo,Raimondas,Raimundas
Reginald,Reino,Reginaldas
Reynold,Reino
Richard,Rikhard,Riku,Ricardas,Rikhardos
Robert,Rupert,Roopertti,Roope
Roland,Lorant
Roman,Romanas
Ronald,Roni,Ronaldas
Rudolph,Rezso,Rudolfas,Rudol'f
Samson,Sampsa,Samsonas,Somson
Samuel,Samuli,Samuelis,Samouel,Samuil,Samuyil
Salvator,Salvadoras,Eleutherios
Sebastian,Bastian,Sebestyen,Sebes,Sebastijonas,Sevast'ian
Seraphinus,Serapinas,Serapheim,Serafim
Serge,Sergijus,Sergios,Sergei,Sergiusz
Severin,Severi,Severinas,Severas,Sever'ian,Sewery
Sigmund,Zsigmond,Zigmantas,Zigmas,Sigizmund,Zikmund,Zygmunt
Sylvester,Szilveszter,Silvestras,Sil'vestr,Silvestr
Simon,Simo,Simonas,Simas,Semion,Szymon,Semen
Solomon,Salamon,Salomo,Saliamonas,Salomon,Selomon
Spyridon,Spuridon
Stanley,Stanislovas,Stasys,Stanislav
Steven,Stephen,Istvan,Istok,Isti,Pisti,Tapani,Tahvo,Teppo,Steponas,Stepas,Stephanos,Stepan,Stefan,Szczepan
Terence,Terrence,Tero
Theodore,Theo,Tivadar,Teuvo,Teodoras,Theodoros,Fiodor,Teodor
Thomas,Tom,Tamas,Tuomas,Tuomo,Tommi,Tomas,Foma,Tomasz
Tiberius,Tibor,Tiberijus
Timothy,Tim,Timot,Timo,Timotiejus,Timotheos,Timofei,Tymoteusz,Timofii
Toby,Tobey,Tobiah,Tobias,Topias,Topi,Tovii,Tobiasz
Ulric,Oldrich
Uriah,Urias,Urjasz
Valentine,Balint,Valentin,Valentinas,Valentas,Balentinos,Valentyn,Walenty
Valerian,Valerijonas,Valius,Valer'ian
Valerius,Valerijus,Valius,Valerii
Victor,Gyozo,Viktor,Vihtori,Voitto,Viktoras,Biktor
Vincent,Vince,Vincentas,Vincas,Vinsent,Vincenc
Vital,Vitalijus,Vitas,Vitalii
Vladimir,Wlodzimierz
Vladislav,Laszlo,Vladislovas,Vladas
Waldemar,Valto,Valdemar
Walter,Valtteri,Valteris
Wenceslas,Vaclovas,Vacys,Vaclav,Waclaw,Ventseslav
Wilfred,Vilppu,Uilfred
William,Vilmos,Vilhelmi,Vilho,Viljami,Viljo,Vilppu,Ville,Vilhelmas,Vilius,Goulielmos,Vilem,Wilhelm,Vil'gel'm
Xavier,Ksaveras,Khav'er,Ksawery,Khav'ier
Xenophon,Ksenophon
Zachary,Zack,Zakarias,Sakari,Saku,Sakke,Zakarijas,Zakaras,Zakharias,Zakharii,Zachariasz,Zekaryas,Zakariya
