Aaron,Ron,Ronny
Abigail,Abbey,Abbie,Nabby,Abby,Gail
Abraham,Abe,Bram
Adrian,Adi,Ryan,Ari,Ian
Adam,Addy,Ad
Agnes,Aggie,Nessie,Nessy,Nes
Alastair,Al,Alex,Ala
Albert,Al,Bert,Bertie,Alberto,Burt,Abbe
Alexander,Alex,Lex,Xander,Sander,Sandy,Ander
Alexandra,Alex,Ali,Lee,Lexi,Sasha,Sandra,Xandra
Alexandre,Alex,Lex,Xander,Sander,Sandy,Anderxie,Sandy
Alfred,Al,Alf,Alfie,Fred,Freddy
Alonzo,Lonnie
Aloysius,Lou,Lewie
Amanda,Mandy,Mand
Andrew,Andy,Drew
Angela,Angie
Angus,Gus,Gussy
Anne,Nan,Nancy
Anthea,Toni
Anthony,Tony,Ant
Antoine,Tony
Antoinette,Toni,Nettie
Antonia,Toni,Nia
Armando,Andy
Arnold,Arnie
Ashley,Ash,Ashy
Augustine,Gus,Gussy,Gussie
Augustus,Gus,Auggy,August
Annabell,Anna
Aldrich,Al,Drich,Rich,Ald
Bailee,Lee,Bailey,Baylee
Bailey,Lee,Baz
Barbara,Barb,Barbie,Barby
Barnaby,Barney
Barry,Baz
Bartholomew,Bart,Barry
Basil,Baz
Benedict,Ben,Benny
Benjamin,Ben,Benny,Benji
Bernadette,Berrietta,Nadetta
Bernard,Bernie
Berry,Beri
Beverley,Bev
Bonnie,Bunnie,Benny,Boner,Bon
Bradley,Brad,Brodie,Bodie,Brayden,Rayden,Brady
Brentley,Brent,Brett
Brian,Ian,Ryan
Bridget,Biddy,Bridey,Bríd
Bryan,Ian,Ryan
Byron,Ron,Ronny
Callum,Cal
Calvin,Cal
Cameron,Ron,Ronny,Cam
Camilla,Cam,Cammie,Millie,Milly
Candace,Candy
Carlos,Carl,Carly
Carter,Cart
Carolyn,Carol,Lyn,Lynn
Cassandra,Cassie,Cass,Sandra,Sandy
Catherine,Cat,Cath,Cate,Kate,Cathy,Kathy,Cassie,Katie,Erin,Rin
Cecilia,Cecie,Cis,Cissie,Cecil
Charles,Charlie,Charley,Chuck,Chas,Chaz,Chazza,Chic,Kori,Chip,Chucky
Chester,Chet,Chesty
Christian,Chris,Chrissy,Ian
Christina,Tina,Christy,Christine
Christine,Christy
Christopher,Chris,Topher,Kit,Chrissy
Claudius,Claude
Clayton,Clay
Clement,Clem
Clementine,Clem
Clifford,Cliff
Clifton,Cliff
Clinton,Clint
Clitus,Clite
Cody,Kody
Cola,Cole
Colby,Cole
Colton,Cole
Connor,Con,Conn
Constance,Connie
Cooper,Coop,Cody
Coraline,Coral
Corbin,Bin,Cor
Crystal,Crys,Tal
Curtis,Curt
Cynthia,Cindy,Cin
Cyrus,Cy
Damian,Ian
Daniel,Dan,Danny
Daniella,Danielle,Danni
Danielle,Danni,Dani
Darren,Daz
David,Dave,Davey
Deborah,Deb,Debbie
Demetrius,Dimitri
Dennis,Denny
Dolores,Dee
Dominic,Dom,Nick,Nicky
Dominick,Dom,Nick,Nicky
Dominik,Dom,Nick,Nicky
Donald,Don,Donny
Dorothea,Dorothy
Dorothy,Dot,Dottie,Doll,Dolly,Dory,Dora
Douglas,Doug
Donovan,Donny,Danny
Duncan,Dunny
Dwight,Ike
Edmund,Ed,Eddy,Ned,Neddy,Ted,Teddy
Edward,Ed,Eddy,Ned,Neddy,Ted,Teddy
Edwin,Ed,Eddy,Eddie,Ned,Neddie,Ted,Teddy
Elaine,Lainie
Eleanor,Ella,Elle,Ellie,Nell,Nellie,Nora
Ellen,Nell,Nellie,Ellie
Elliott,Elliot,Eliot,Eliott,Ell,Et,Lio,Elijah
Elizabeth,Bess,Bessie,Bette,Bet,Betty,Beth,Betsy,Eliza,Elise,Elsa,Elsie,Elle,Ella,Lisa,Lisbeth,Lissie,Lily,Libby,Liddy,Lizbeth,Lizzy,Lizzie,Liz,Liza,Lilibet
Emily,Em,Emmy,Emma,Ellie,Milly
Erin,Erer,Rin,Ri
Ethan,Eth
Eugen,Gen
Eugene,Gene,Owen
Fabian,Fabes,Ian
Ferdinand,Ferd
Fiona,Sienna,Siena,Fi
Florence,Flora,Floss,Flossie,Flo,Renchy,Rench
Frances,Fran,Franny,Fanny,Frankie
Francesca,Fran,Franny,Fanny
Francesco,Fran,Frank,Frankie
Francis,Fran,Frank,Franky
Franklin,Frank,Franky
Frederick,Fred,Freddy,Eric,Erick,Rick,Ricky
Fredrick,Fred,FreddyRick
Gabriel,Gabe,Gaby
Gabriella,Gabrielle,
Gabrielle,Gabby,Gabi
Garfield,Gal,Gary,Garry
Geoffrey,Geoff
George,Georg,Georgy
Georgina,Gina
Gerald,Gerry
Geronimo,Geno,Gero,Geron,Nemo,Gerie,Ron,Jer
Gertrude,Gert,Gertie,Trudy
Gillian,Gill,Gilly
Gilbert,Gil,Gib,Bert
Giovanni,John,Gio,Gigi,Ian
Gordon,Gordy
Gracia,Gracie,Grace,Grass,Graz,Acia,Grassie,Ruby,Rubanetta,Reba,Gracina
Gregory,Greg,Gregg
Gustav,Gus,Gussy
Gustave,Gus,Gussy
Gwendolyn,Gwen,Gwendy
Gustavo,Gus,Tavo,Stavo
Hannah,Anna,Ann,Annie
Harold,Harry,Hal
Harriet,Hatty
Harris,Harry
Harrison,Harris,Harry
Harry,Hank,Hanky
Helen,Nell/Nellie,Elenie
Henrietta,Harriet,Henriette
Henry,Hank,Hanky,Hal,Harry
Herbert,Herb,Herbie,Bert
Hilary,Hil,Hilly
Howard,Howie
Hunter,Hunt
Ingrid,Ing
Irving,Irv
Isaac,Ike
Isaack,Ike
Isaak,Ike
Isabella,Izzy,Isa,Bella,Bell
Isadore,Izzy
Iva,Ivy,Vet,Ava,Livia
Ivor,Ivy,Vor
Jack,Jacky
Jackson,Jack,Jacky
Jacob,Jake
Jacoby,Coby
Jacqueline,Jackie
James,Jim,Jimmy,Jay
Jamie,Jim,Jimmy,Jay
Jane,Jan
Janet,Jan,Jane,Janey,Janette,Jeanette
Janice,Jan,Jane,Janey
Jasmin,Jazz,Jaz,Jazzy,Jazza
Jason,Jay,Jase,Jake
Jaxon,Jack,Jacky
Jaxson,Jack,Jacky
Jayceon,Jay
Jayden,Jay
Jayson,Jay
Jeffrey,Jeff,Jeffie
Jennifer,Jen,Jenny,Jenni
Jeremiah,Jeremy
Jeremy,Jerry
Jerome,Jerry
Jessica,Jess,Jessy,Jessie
Jimmy,Jim
Joel,Joe,Joey
John,Jack,Ian
Johnathan,Nathan,John,Johnny
Jonathan,Jon,John,Jonny,Johnny,Nathan
Jordan,Judd,Jordy,Dan,Danny
Jordon,Jordy,Don,Donny
Joseph,Joe,Joey
Josephina,Josephine
Josephine,Jo,Joey,Josie
Joshua,Josh,Joshi
Judith,Judy,Jude
Julian,Jules,Ian
Juliana,Julie,Jude
Julius,Jules
Justin,Jus,Tin,Just,Tinny,Justy,Juster
Karina,Kara,Cara,Caris,Carrier,Carry,Cat,Catrin,Stacy,Cats
Katherine,Kathy,Kat,Katie,Kate,Kit,Kitty,Katy,Karen
Kathleen,Kathy,Kat,Katie,Kate,Kit,
Katrina,Kat,Trina
Kenneth,Ken,Kenny
Kerry,Kai,Kerin,Keath,Heath,Ker
Kevin,Ken,Kenny
Kimberly,Kim,Kimmy
Kristen,Krissy,Kris
Lachlan,Lachy
Laura,Laurie,Lori
Laurence,Larry,Laurie
Lawrence,Larry,Lawrie
Leanna,Leanne,Lee
Leanne,Lee
Leland,Lee
Leonard,Len,Lenny,Leon,Leo,Lee
Leonardo,Len,Lenny,Leon,Leo,Lee
Lester,Les
Lincoln—Linc,Link
Lillian,Lil,Lilly
Lily,Lil
Linda,Lynn,Lindy
Logan,Log,Logy
Louis,Lou,Louie
Louisa,Louise
Lucas,Luke
Lukas,Luke
Lucille,Lucy
Lewis,Lewie,Lewy,Lew,Leba
Lucina,Luckier,Lucinait
MacKenzie,Mac,Mack
Madelina,Madeline
Madeline,Maddie,Magdaline,Mads,Lynn,Maddog
Maddison,Maddie
Marcus,Marc,Mark,Marky,Marcy
Margaret,Peg,Peggy,Daisy,Maggie,Marge,Meg,Megan
Maria,Mary,Marie
Marianna,Marianne
Marianne,Maria,Mary
Marie,Mary
Marion,Mario
Markus,Marc,Mark,Marky,Marcy
Marshall,Marsh,Marshy
Martin,Marty
Marvin,Marv
Mary,Daisie,Maisie,Polly,Molly,Mare
Mathew,Matt,Matty
Matthew,Matt,Matty
Maxim,Milan,Max,Maxie/Maxi,Maaz,Maxus,Mayam,Maxam,Maxinumisanic,Maxmillion
Maximilian,Max,Milan,Maxmus,Ian
Maxwell,Max
Megan,Meg
Melanie,Melane,Elaine,Mel
Melaina,Mel,Uglina,Pig,Piggy
Melinda,Mel,Mind,Linda
Melissa,Mel,Lissa,Missy
Melvin,Mel,Mellie
Michael,Mike,Mick,Mikey,Micky
Michelle,Shell,Shelly,Chelle
Minerva,Minnie
Miranda,Randy,Mindy
Mitchell,Mitch
Montgomery,Monty
Morgan,Morg,Maggie
Morris,Moe
Morrison,Morris,Dory
Malachi,Kai
Nadia,Nadi
Natasha,Tasha,Tash,Nat
Nathan,Nat,Nate,Natty
Nathaniel,Nat,Nath,Nate
Nelson,Nel
Nicole,Niki,Nickie,Nicki,Nicky,Nikki
Nichola,Nickie,Nicki,Nicky,Nikki
Nicholas,Nick,Nicky
Nichole,Nickie,Nicki,Nicky,Nikki
Nickolas,Nick,Nicky
Nigel,Nige
Norbert,Bert,Nobby,Burt,Nob,Bob,Bobbie,Bobby
Norman,Nour,Orman,Orbie,Norm
Oliver,Ollie,Ol,Olly,Oliwa,Oli
Olivia,Ollie,Liv,Via
Olive,Liv,Olivetta,Oliver
Oswald,Ozzy,Oz
Oscar,Ozzy
Oona,Anna
Pamela,Pam
Patricia,Pat,Patty,Tricia,Trish,Patsy,Trisha
Patrick,Pat,Paddy,Pa
Paul,Paulie/Polly,Pauly
Paula,Paulie/Polly,Pauly
Paulina,Pauline
Pauline,Paulie/Polly,Paulin
Penelope,Penny
Percival,Percy
Peregrine,Perry
Peter,Pete,Petey
Philip,Phil,Philly
Philippa,Pippa,Philly
Phillip,Phil,Philly
Priscilla,Cilla
Quincy,Quin,Quinn,Quince
Quinton,Quavie,Quavix,Quin,Quinn
Rachel,Ray,Rach
Randolph,Randy,Rand
Raphael,Ralph,Rafi
Raymond,Ray
Rebecca,Becky,Becca,Becks,Bex,Bec
Regina,Reggie,Gina
Reginald,Reg,Reggie,Rex
Renee,Rae
Richard,Rich,Richie,Rick,Ricky,Dick,Dicky,Hick,Hickey
Riley,Lee
Rita,Ritu
Robert,Bob,Bobby,Rob,Robbie,Robby,Robin,Bert
Roberta,Bobbie
Robinson,Robin,Robert,Rob,Ben
Roderick,Rod,Roddy,Eric,Erick,Rick
Rodney,Rod,Roddy
Rodrick,Rod,Roddy
Rodrigo,Rod,Roddy
Ronald,Ron,Ronny
Roxanne,Roxy,Rox,Roxie
Russell,Russ,Rusty
Scarlett,Scar,ScarScar,Scarget,let,
Sára,Sarghja,Sawrr,Rara,Sasa,Sassy,Sarah
Sabrina,Sab,Sabri
Salvador,Sal
Samantha,Sam,Sammy
Samuel,Sam,Sammy
Sarah,Sadie,Sally
Sebastian,Sebby,Seb,Bas,Bash,Ian
Seymour,Sy
Sharon,Shaza
Sidney,Sid
Simon,Sam,Sammy
Spencer,Spence
Stanley,Stan
Stellaluna,Stella,Luna
Stephanie,Steph,Stephie,Stefie
Stephen,Steph,Steve,Stevie,Stevo
Steven,Steve,Stevie,Stevo
Stuart,Stuie,Stu
Summer,Sum
Susan,Sue,Susie,Suzy,Suey
Sydney,Sid
Sylvester,Simon,Vester,Psy
Sylvia,Sylvie
Tamara,Tammy,Tam,
Tamsin,Tammy,Tam,
Terence,Terry,Tel
Teresa,Tracy/Tracey,Terry/Terrie,Terese,Terri,Teri
Terrance,Terry,Tel
Terrence,Terry,Tel
Theodore,Ted,Teddy,Ed,Eddy,Ned,Neddy,Theo
Theresa,Tracy/Tracey,Terry/Terrie,Terri,Teri
Thomas,Tom,Tommy
Tiana,Tia
Tiffany,Tiff,Tiffy,Titi
Timothy,Tim,Timmy
Tobias,Toby
Todd,Toddy
Tomas,Tom,Tommy
Torrance,Terry
Trenton,Trent
Trevor,Travis,Trev
Trinity,Trin,Trina
Tristan,Tris,Triscuit,Ian
Tyler,Ty,Tyson
Tyron,Ron,Ronny
Tyrone,Tyron,Ron,Ronny
Tyson,Ty
Una,Oona
Valentine,Val
Valerie,Val
Veronica,Vera,Ronni/Ronnie
Victor,Vic,Vi,Vicky,Victoria,Vicky,Tori,Vick,Vicki
Vincent,Vinnie,Vince,Vin
Violet,Vi,Lettie
Violeta,Letta,Oleta,Viol,Etsav
Virginia,Gina,Ginny,Ginger,Nia,Vergie
Vivian,Vivy,Viv,Vivo,Ian
Valentina,Tina,Valent,Lentina
Wallace,Walt,Wally,Wal
Walter,Walt,Wally,Wal
Wendy,Wagger,Wiggy,Piggy,Pig,Peg,Peggy,Wiz,Wizard,Whizzy,Wen,Wendi,Wend
Wesley,Wes,Wessie
William,Will,Willy,Bill,Billy,Liam
Woodrow,Woody
Xander,Xan,Xandy,Xolo
Xavier,Savior,Xavi
Ximena,Xi,Sime,Simonetta,Sima
Xuan,SoerXe,Chua
Xenia,Xen,Zenny,Sen
Yin,Xin,Chinn,Yip
Yong,Yem,Yetch,Yang
Young,Younguth,Yugi
Yousef,Seth,You,Steff,Stef
Yue,Yu,Yew,Dewy,Duel,Du
Yvonne,Yo,Von
Zacarias,Zachary
Zachariah,Zachary
Zacharias,Zachary,Zack
Zachary,Zac,Zach,Zack,Zak
Zaiden,Zaid
Zane,Zoo,Zayn
Zechariah,Zacchary,Zachary,Zachery,Zackary,Zackery,Zakary
Zelda,Zell,Sel,Sal,Zella,Zealand
Ziggy,Zig,Zag,Zags,Sui
Zoe,Zo-Zo,Zoey
Anne,Annie
Arthur,Arturo,Art,Artie
August,Augustus,Auggie
George,Georgie
James,Jamie,Jim,Jimmy,Jaime
Jonathan,Jon,Jonny
Kirstin,Kirstie
Robert,Rob/Bob,Robbie/Bobby
Timothy,Tim,Timmy
William,Will/Bill,Willie/Billy
Dorothy,Dot,Dottie
Henry,Hank,Harry
Sarah,Sally
Oscar,Iscariot